{
    "placeholders":{
       "text1":{
         "type":"text"
       },
       "text2":{
         "type":"text"
       },
       "text3":{
         "type":"text"
       },
       "text4":{
         "type":"text"
       },
       "text7":{
         "type":"text"
       },
       "text8":{
         "type":"text"
       },
       "text9":{
         "type":"text"
       },
       "switch":{
         "type":"image"
       },
       "aan":{
         "type":"image"
       },
       "bol":{
         "type":"image"
       },
       "fortune":{
         "type":"image"
       },
       "fortune2":{
         "type":"image"
       },
       "lever":{
         "type":"image"
       },
       "train":{
         "type":"image"
       },
       "logo":{
         "type":"image"
       },
       "cloud":{
         "type":"image"
       },
       "gifFirst":{
        "type":"image"
      },
       "clickUrl":{
         "type":"click"
       }
    }
 }