{
   "placeholders": {
    
     "adTextLine2": {
       "type": "text"
     },
     "btnText": {
       "type": "text"
     },
     "ctaField": {
       "type": "image"
     },
     "ctaTextSwitcher": {
       "type": "image"
     },
     "ctaSwitcher": {
       "type": "image"
     },
     "price": {
       "type": "text"
     },
     "pancake": {
      "type": "image"
    },
    "flip": {
      "type": "image"
    },
     "logo": {
       "type": "image"
     },
     "clickUrl": {
       "type": "click"
     }
   }
 }
 