{
  "placeholders":{
    "text1":{
      "type":"text"
    },
    "textFrame2":{
      "type":"text"
    },
    "textFrame3":{
      "type":"text"
    },
    "stationText":{
      "type":"text"
    },
    "stationTextBottom":{
      "type":"text"
    },
    "trainText":{
      "type":"text"
    },
    "btnText":{
      "type":"text"
    },
    "switch":{
      "type":"image"
    },
    "aan":{
      "type":"image"
    },
    "bol":{
      "type":"image"
    },
    "logoBlue":{
      "type":"image"
    },
    "logoWhite":{
      "type":"image"
    },
    "train":{
      "type":"image"
    },
    "stationVideo":{
      "type":"video"
    },

    "gifFirst":{
      "type":"image"
    },
    "gifFrame2":{
      "type":"image"
    },
    "gifFrame3":{
      "type":"image"
    },

    "clickUrl":{
      "type":"click"
    }
  }
}