{
    "placeholders":{
       "text1":{
         "type":"text"
       },
       "text2":{
         "type":"text"
       },
       "text3":{
        "type":"text"
      },
       
       "btnText":{
         "type":"text"
       },
       "price":{
        "type":"image"
      },
       "train":{
         "type":"image"
       },
       "logo":{
         "type":"image"
       },
       "logoWhite":{
        "type":"image"
      },
       "cloud":{
         "type":"image"
       },
       "videoFirst":{
        "type":"video"
      },
       "gifSecond":{
        "type":"image"
      },
       "clickUrl":{
         "type":"click"
       }
    }
 }